{"cameraMode":{"drawMode":0,"name":"Shaded","section":"Shading Mode"},"sceneLighting":true,"audioPlay":false,"sceneViewState":{"m_AlwaysRefresh":false,"showFog":true,"showSkybox":true,"showFlares":true,"showImageEffects":true,"showParticleSystems":true,"showVisualEffectGraphs":true,"m_FxEnabled":true},"in2DMode":false,"pivot":{"x":159.52191162109376,"y":8.165739059448243,"z":5.484733581542969},"rotation":{"x":-0.06181745603680611,"y":-0.36740046739578249,"z":0.024686474353075029,"w":-0.9277456402778626},"size":0.26646995544433596,"orthographic":false}